{
  "best_global_step": null,
  "best_metric": null,
  "best_model_checkpoint": null,
  "epoch": 0.0668985817500669,
  "eval_steps": 500,
  "global_step": 250,
  "is_hyper_param_search": false,
  "is_local_process_zero": true,
  "is_world_process_zero": true,
  "log_history": [
    {
      "completion_length": 542.6875,
      "epoch": 0.002675943270002676,
      "grad_norm": 0.1479361206293106,
      "kl": 6.508313208541949e-06,
      "learning_rate": 4.000000000000001e-06,
      "loss": 0.0,
      "reward": 0.4269749991595745,
      "reward_std": 0.38218677826225755,
      "rewards/correctness_reward_func": 0.225,
      "rewards/int_reward_func": 0.125,
      "rewards/soft_format_reward_func": 0.0,
      "rewards/strict_format_reward_func": 0.0,
      "rewards/xmlcount_reward_func": 0.07697499860078097,
      "step": 10
    },
    {
      "completion_length": 429.8,
      "epoch": 0.005351886540005352,
      "grad_norm": 0.2504476010799408,
      "kl": 8.964149169514713e-05,
      "learning_rate": 8.000000000000001e-06,
      "loss": 0.0,
      "reward": 0.6007125075906515,
      "reward_std": 0.5988216795027256,
      "rewards/correctness_reward_func": 0.35,
      "rewards/int_reward_func": 0.175,
      "rewards/soft_format_reward_func": 0.0,
      "rewards/strict_format_reward_func": 0.0,
      "rewards/xmlcount_reward_func": 0.0757124988362193,
      "step": 20
    },
    {
      "completion_length": 479.825,
      "epoch": 0.008027829810008028,
      "grad_norm": 0.6501254439353943,
      "kl": 0.000811363942011667,
      "learning_rate": 9.987820251299121e-06,
      "loss": 0.0,
      "reward": 0.5417624950408936,
      "reward_std": 0.6261544764041901,
      "rewards/correctness_reward_func": 0.325,
      "rewards/int_reward_func": 0.1375,
      "rewards/soft_format_reward_func": 0.0,
      "rewards/strict_format_reward_func": 0.0,
      "rewards/xmlcount_reward_func": 0.07926249951124191,
      "step": 30
    },
    {
      "completion_length": 478.825,
      "epoch": 0.010703773080010704,
      "grad_norm": 0.5656835436820984,
      "kl": 0.0010186541639995994,
      "learning_rate": 9.890738003669029e-06,
      "loss": 0.0,
      "reward": 0.6594624936580658,
      "reward_std": 0.6135076761245728,
      "rewards/correctness_reward_func": 0.375,
      "rewards/int_reward_func": 0.15625,
      "rewards/soft_format_reward_func": 0.0,
      "rewards/strict_format_reward_func": 0.0,
      "rewards/xmlcount_reward_func": 0.12821250185370445,
      "step": 40
    },
    {
      "completion_length": 328.8625,
      "epoch": 0.01337971635001338,
      "grad_norm": 0.41144606471061707,
      "kl": 0.00272983341710642,
      "learning_rate": 9.698463103929542e-06,
      "loss": 0.0001,
      "reward": 0.7805374950170517,
      "reward_std": 0.6304738730192184,
      "rewards/correctness_reward_func": 0.45,
      "rewards/int_reward_func": 0.2375,
      "rewards/soft_format_reward_func": 0.0,
      "rewards/strict_format_reward_func": 0.0,
      "rewards/xmlcount_reward_func": 0.09303749967366456,
      "step": 50
    },
    {
      "completion_length": 384.0,
      "epoch": 0.016055659620016056,
      "grad_norm": 0.5157161951065063,
      "kl": 0.003720348997740075,
      "learning_rate": 9.414737964294636e-06,
      "loss": 0.0001,
      "reward": 1.1578125074505805,
      "reward_std": 0.5034716367721558,
      "rewards/correctness_reward_func": 0.75,
      "rewards/int_reward_func": 0.275,
      "rewards/soft_format_reward_func": 0.0,
      "rewards/strict_format_reward_func": 0.0,
      "rewards/xmlcount_reward_func": 0.13281250074505807,
      "step": 60
    },
    {
      "completion_length": 458.1875,
      "epoch": 0.018731602890018732,
      "grad_norm": 0.6031672358512878,
      "kl": 0.008483206908567808,
      "learning_rate": 9.045084971874738e-06,
      "loss": 0.0003,
      "reward": 0.5569749929010868,
      "reward_std": 0.453010468930006,
      "rewards/correctness_reward_func": 0.225,
      "rewards/int_reward_func": 0.19375,
      "rewards/soft_format_reward_func": 0.0,
      "rewards/strict_format_reward_func": 0.0,
      "rewards/xmlcount_reward_func": 0.13822499997913837,
      "step": 70
    },
    {
      "completion_length": 489.6,
      "epoch": 0.02140754616002141,
      "grad_norm": 0.20181693136692047,
      "kl": 0.005600123837939464,
      "learning_rate": 8.596699001693257e-06,
      "loss": 0.0002,
      "reward": 0.9676999986171723,
      "reward_std": 0.40792644023895264,
      "rewards/correctness_reward_func": 0.55,
      "rewards/int_reward_func": 0.2375,
      "rewards/soft_format_reward_func": 0.0,
      "rewards/strict_format_reward_func": 0.0,
      "rewards/xmlcount_reward_func": 0.18020000010728837,
      "step": 80
    },
    {
      "completion_length": 394.525,
      "epoch": 0.024083489430024082,
      "grad_norm": 0.5238135457038879,
      "kl": 0.00952185937203467,
      "learning_rate": 8.078307376628292e-06,
      "loss": 0.0004,
      "reward": 1.0805875062942505,
      "reward_std": 0.6053910493850708,
      "rewards/correctness_reward_func": 0.625,
      "rewards/int_reward_func": 0.2625,
      "rewards/soft_format_reward_func": 0.0,
      "rewards/strict_format_reward_func": 0.0,
      "rewards/xmlcount_reward_func": 0.19308750033378602,
      "step": 90
    },
    {
      "completion_length": 447.5,
      "epoch": 0.02675943270002676,
      "grad_norm": 0.13768291473388672,
      "kl": 0.00638064724043943,
      "learning_rate": 7.500000000000001e-06,
      "loss": 0.0003,
      "reward": 1.1962499976158143,
      "reward_std": 0.44079677760601044,
      "rewards/correctness_reward_func": 0.725,
      "rewards/int_reward_func": 0.28125,
      "rewards/soft_format_reward_func": 0.0,
      "rewards/strict_format_reward_func": 0.0,
      "rewards/xmlcount_reward_func": 0.1899999998509884,
      "step": 100
    },
    {
      "completion_length": 309.9125,
      "epoch": 0.029435375970029435,
      "grad_norm": 0.3473655879497528,
      "kl": 0.01268120538443327,
      "learning_rate": 6.873032967079562e-06,
      "loss": 0.0005,
      "reward": 1.2348875045776366,
      "reward_std": 0.38785838037729264,
      "rewards/correctness_reward_func": 0.75,
      "rewards/int_reward_func": 0.29375,
      "rewards/soft_format_reward_func": 0.0,
      "rewards/strict_format_reward_func": 0.0,
      "rewards/xmlcount_reward_func": 0.19113750010728836,
      "step": 110
    },
    {
      "completion_length": 458.5625,
      "epoch": 0.03211131924003211,
      "grad_norm": 0.21064822375774384,
      "kl": 0.013888637465424836,
      "learning_rate": 6.209609477998339e-06,
      "loss": 0.0006,
      "reward": 0.9673124969005584,
      "reward_std": 0.5613357588648796,
      "rewards/correctness_reward_func": 0.55,
      "rewards/int_reward_func": 0.23125,
      "rewards/soft_format_reward_func": 0.0,
      "rewards/strict_format_reward_func": 0.0,
      "rewards/xmlcount_reward_func": 0.1860624998807907,
      "step": 120
    },
    {
      "completion_length": 324.675,
      "epoch": 0.034787262510034785,
      "grad_norm": 0.0014985395828261971,
      "kl": 0.06867918753996491,
      "learning_rate": 5.522642316338268e-06,
      "loss": 0.0027,
      "reward": 1.176574993133545,
      "reward_std": 0.36135733425617217,
      "rewards/correctness_reward_func": 0.625,
      "rewards/int_reward_func": 0.35,
      "rewards/soft_format_reward_func": 0.0,
      "rewards/strict_format_reward_func": 0.0,
      "rewards/xmlcount_reward_func": 0.2015749990940094,
      "step": 130
    },
    {
      "completion_length": 415.2875,
      "epoch": 0.037463205780037465,
      "grad_norm": 0.1401134580373764,
      "kl": 0.009500241512432695,
      "learning_rate": 4.825502516487497e-06,
      "loss": 0.0004,
      "reward": 0.834375,
      "reward_std": 0.47132823467254636,
      "rewards/correctness_reward_func": 0.375,
      "rewards/int_reward_func": 0.2625,
      "rewards/soft_format_reward_func": 0.0,